Parish Name:Church Names:Priests:Secretary:Phone:Email:Address:Parish URL
Ardlea:St. John Vianney – Ardlea | Churches & Mass Times:Very Rev Michel Simo Temgo SCJ::01 8474123:st.jvianney@yahoo.ie:St John Vianney, 95 Ardlea Road, Artane, Dublin 5, D05 TH79 | Dublin 5:"https://www.dublindiocese.ie/parish/ardlea/"
Arklow:"Chapel of Ease: St David’s Johnstown (Arklow) | SS Mary and Peter, Arklow | Churches & Mass Times":Very Rev Canon Pádraig Ó Cochláin:secretary@arklowparish.ie:402 3171:secretary@arklowparish.ie:Co. Wicklow:"https://www.dublindiocese.ie/parish/arklow/"
Artane:Our Lady of Mercy, Artane | Churches & Mass Times:Very Rev Gerard Corcoran::01 831 4297:ourladyofmercy.church@gmail.com:Dublin 5:"https://www.dublindiocese.ie/parish/artane/"
Ashford:"Church of the Most Holy Rosary, Ashford | Chapel of Ease: St Joseph, Glenealy | Churches & Mass Times":Very Rev Aquinas Duffy | Very Rev Eamonn Crosson::404 4054 | 404 6169:eamonncrosson@gmail.com | parishofficewicklow@gmail.com:"The Parish Office, De La Salle Pastoral Centre, Church Grounds, St Patrick's Road, Wicklow Town, Co Wicklow | The Parochial House, Ashford, Co Wicklow. Tel: 0404 40540 | Co. Wicklow":"https://www.dublindiocese.ie/parish/ashford/"
Athy:"Chapel of Ease: St. Mary’s | Churches & Mass Times | St Michael’s, Athy":Very Rev Canon Frank McEvoy | Very Rev Canon Liam Rigney::059 863 8391:athyparishrc@eircom.net:St. Michael`s Church, Athy, Co. Kildare | Athy, Co. Kildare:"https://www.dublindiocese.ie/parish/athy/"
Aughrim:The Most Sacred Heart, Aughrim | Churches & Mass Times:Very Rev Canon Pádraig Ó Cochláin | Very Rev Diarmuid Byrne::402 3663::Parochial House, Aughrim, Co. Wicklow Y14 W2D1 | The Most Sacred Heart, Aughrim, Co. Wicklow | Co. Wicklow:"https://www.dublindiocese.ie/parish/aughrim/"
Aughrim Street:Church of the Holy Family, Aughrim Street | Churches & Mass Times:Very Rev Coriolan (Cory) Muresan DOCL | Very Rev Muresan Coriolan::01 2447995 | 01 8386232 | 1000689 | 7477919:aughrimstchurch@gmail.com | cattolici.dublin@gmail.com | coriolan.muresan@dublindiocese.ie:Church of the Holy Family, Aughrim Street, Dublin 7 | Dublin 7:"https://www.dublindiocese.ie/parish/aughrim-street/"
Avoca:"Chapel of Ease: St. Joseph, Templerainey | Chapel of Ease: St. Patrick (Barranisky) | Chapel of Ease: St. Kevin’s, Ballycoog | SS Mary and Patrick, Avoca | Churches & Mass Times":"Co-Parish Priest: Very Rev. Michael Murphy | Retired Priest: Rev. Thomas Coughlan. | Very Rev Canon Pádraig Ó Cochláin | Very Rev Michael Murphy"::087 2789161 | 0872984526 | 402 3194:frmichael.avoca@gmail.com | parishoffice.avoca@gmail.com:The Parochial House, Avoca, Co Wicklow, Y14 W825 | The Presbytery, Avoca, Co. Wicklow. | Co. Wicklow | St. Kevin’s, Ballycoog, Co. Wicklow. | St. Kevin's, Ballycoog, Co. Wicklow. | St. Joseph, Templerainey, Co. Wicklow | St. Patrick, Barraniskey, Co. Wicklow:"https://www.dublindiocese.ie/parish/avoca/"
Ayrfield:Churches & Mass Times | St Paul’s, Ayrfield:Very Rev Declan Blake::01 8160984:kirsten.mahon@dublindiocese.ie | parishofficeayrfield@gmail.com:Slademore Ave, Ard na Gréine, Dublin 13. | Dublin 13:"https://www.dublindiocese.ie/parish/ayrfield/"
Balally:Church of the Ascension of The Lord, Balally | Churches & Mass Times:Very Rev Jim Caffrey | Very Rev Mgr Dermot Lane::01 295 4296:balallyparish@gmail.com:Church of the Ascension of Our Lord, Balally, Dublin 16. | Dublin 16:"https://www.dublindiocese.ie/parish/balally/"
Balbriggan:Church of the Assumption, Balscadden | Churches & Mass Times:Very Rev Canon John McNamara::01 8412116:balbrigganparishoffice@gmail.com:Church of the Assumption of Our Lady, Balscadden, Co. Dublin | SS Peter and Paul, Balbriggan, Co. Dublin | Balbriggan, Co. Dublin:"https://www.dublindiocese.ie/parish/balbriggan/"
Baldoyle:"Chapel of Ease: St. Laurence O’ Toole, Seagrange | St. Laurence O’Toole – Baldoyle | Churches & Mass Times":Very Rev Gerard Tanham | Very Rev Niall McDermott | Very Rev Paul Hampson | Very Rev Peter O'Connor::01 8324313:info@baldoyleparish.ie:Dublin 13:"https://www.dublindiocese.ie/parish/baldoyle/"
Ballinteer:St John the Evangelist, Ballinteer | Churches & Mass Times:Very Rev Canon Liam Belton::01 499 4203:ballinteeroffice@gmail.com | noel.ryan@dublindiocese.ie:Dublin 16:"https://www.dublindiocese.ie/parish/ballinteer/"
Ballyboden:Our Lady of Good Counsel, Ballyboden | Churches & Mass Times:Very Rev Noel Hession OSA::01 4241000:ballybodenparish@eircom.net:Whitechurch, Ballyboden, Dublin 16 | Our Lady of Good Counsel, Whitechurch, Ballyboden, Dublin 16. | Whitechurch, Ballyboden, Dublin 16, | Dublin 16:"https://www.dublindiocese.ie/parish/ballyboden/"
Ballybrack-Killiney:"Chapel of Ease: Church of the Apostles, Ballybrack | Chapel of Ease: St. Stephen’s, Killiney | Churches & Mass Times":Very Rev Richard Behan::01 2024804:ballybrack.killiney@gmail.com:Church Avenue, Ballybrack, Co. Dublin | Co. Dublin | Killiney, Co. Dublin:"https://www.dublindiocese.ie/parish/ballybrack-killiney/"
Ballyfermot:Our Lady of the Assumption, Ballyfermot | Churches & Mass Times:Very Rev Adrian Egan CSsR:"Parish Secretary Email:":01 626 4691:ballyfermotassumption@gmail.com | parishcentreballyfermot@gmail.com:Ballyfermot, Dublin 10 | Our Lady of the Assumption, Ballyfermot, Dublin 10 | Dublin 10:"https://www.dublindiocese.ie/parish/ballyfermot-assumption/"
Ballyfermot Upper:St. Matthew`s, Ballyfermot | Churches & Mass Times:Very Rev Piaras Mac Lochlainn::01 626 5695:stmatthewsparishcentre@gmail.com:Dublin 10:"https://www.dublindiocese.ie/parish/ballyfermot-st-matthews/"
Ballygall:Churches & Mass Times:Very Rev Gareth Byrne | Very Rev Harry Gaynor | Very Rev Joe McDonald::01 836 9291:ballygallparish@outlook.com:Ballygall Road East, Glasnevin, Dublin 11. | Our Mother of Divine Grace, Ballygall Road East, Glasnevin, Dublin 11 | Dublin 11:"https://www.dublindiocese.ie/parish/ballygall/"
Ballymore Eustace:"Immaculate Conception, Ballymore Eustace | Chapel of Ease: St. Kevin’s, Hollywood | Churches & Mass Times":Very Rev Joseph Connolly::045 8641:ballymoreeustaceparish@gmail.com:Co. Kildare. Constituted prior to 1779. | Ballymore Eustace, Naas, Co. Kildare | Co. Wicklow | Co. Kildare:"https://www.dublindiocese.ie/parish/ballymore-eustace/"
Ballymun Road:Our Lady of Victories, Ballymun Road | Churches & Mass Times:Very Rev Frank Reburn | Very Rev Gareth Byrne | Very Rev Joe McDonald::01 842 0346:info@olv.ie:Our Lady of Victories, Ballymun Road, Glasnevin, Dublin 9 | Ballymun Road, Dublin 9:"https://www.dublindiocese.ie/parish/ballymun-road/"
Ballymun St Pappin’s:St Joseph’s Church, Balcurris Road | Virgin Mary Church, Shangan Road | Holy Spirit Church, Silloge Road | Churches & Mass Times:Very Rev John Dunphy::01 8423865:stpappinspastoralcentre@gmail.com:St Pappin’s Pastoral Centre, Dane Road, Balcurris, Ballymun, Dublin 11, D11 Y732 – behind St Joseph’s Church | Balcurris Road, Ballymun, Dublin 11, D11Y732 | Shangan Road, Ballymun, Dublin 9, D09X2A2 | Silloge Road, Ballymun, Dublin 11, D11H306:"https://www.dublindiocese.ie/parish/ballymun-st-pappins-parish/"
Ballyroan:Church of the Holy Spirit, Ballyroan | Churches & Mass Times:Very Rev Martin Cosgrove | Very Rev Michael Murtagh::01 4947303:ballyroanparish@gmail.com:Marian Road, Dublin 14:"https://www.dublindiocese.ie/parish/ballyroan/"
Bawnogue:Church of the Transfiguration | Churches & Mass Times:::01 5386018:bawnogueparish@gmail.com:Dublin 22:"https://www.dublindiocese.ie/parish/bawnogue/"
Bayside:Church of the Resurrection, Bayside | Churches & Mass Times:Very Rev Joseph Kelly | Very Rev Peter Finnerty::01 8323083:baysidercchurch@gmail.com:Bayside, Dublin 13:"https://www.dublindiocese.ie/parish/bayside/"
Beaumont:Nativity of Our Lord, Beaumont | Churches & Mass Times:Very Rev Robert Smyth::01 8477740:parishoffice@beaumontparish.ie:Church of the Nativity of Our Lord, Montrose Park, Beaumont, Dublin 5 | Montrose Park, Beaumount, Dublin 5:"https://www.dublindiocese.ie/parish/beaumont/"
Beechwood Avenue:Church of the Holy Name, Beechwood | Churches & Mass Times:Very Rev Paul Taylor::01 4967449:parishoffice@beechwoodparish.com:Church of the Holy Name, Beechwood Avenue, Ranelagh, Dublin 6. | Dublin 6:"https://www.dublindiocese.ie/parish/beechwood-avenue/"
Berkeley Road:St. Joseph`s, Berkeley Road | Churches & Mass Times:Very Rev Paul Churchhill::01 5473726 | 087-2224861::The Presbytery, Berkeley Road, Dublin 7 | Dublin 7:"https://www.dublindiocese.ie/parish/berkeley-road/"
Blackrock:St. John The Baptist Blackrock | Churches & Mass Times:Very Rev Edward Conway | Very Rev Peter O'Connor::01 288 2104:office@sjb.ie:Blackrock, Co. Dublin | Co. Dublin:"https://www.dublindiocese.ie/parish/blackrock/"
Blakestown:Churches & Mass Times:Very Rev George Adzato SVD:::mbparishes@gmail.com::"https://www.dublindiocese.ie/parish/blakestown/"
Blanchardstown:St Brigid’s, Blanchardstown | Churches & Mass Times:Very Rev John Gilligan::01 8115412:office@blanchardstownparish.ie:St Brigid's Church, Blanchardstown, Dublin 15 | Dublin 15:"https://www.dublindiocese.ie/parish/blanchardstown/"
Blessington:St Brigid’s Church, Manor Kilbride, Blessington | Our Lady of Mercy Crosschapel, Blessington | Church of Our Lady, Blessington | Churches & Mass Times:Very Rev Gerry Kane | admin@blessington.info:::admin@blessington.info | gerry.malone@dublindiocese.ie:Main Street, Blessington, Co. Wicklow, W91 F77F | Co. Wicklow:"https://www.dublindiocese.ie/parish/blessington/"
Bluebell:Our Lady of the Wayside | Churches & Mass Times:Very Rev Liam Griffin OMI | Very Rev Paul Horrocks OMI | Very Rev Sandhappan Chinnappan OMI::01 4501040:olwbparish@gmail.com:Our Lady of the Wayside, Bluebell Avenue, Bluebell, Dublin 12 | Dublin 12:"https://www.dublindiocese.ie/parish/bluebell/"
Bohernabreena:"Chapel of Ease: Holy Rosary Church, Bohernabreena | St. Anne`s Bohernabreena | Churches & Mass Times":Very Rev Canon Michael Hurley | Very Rev James Daly::01 4141838 | 01 4626893:stannes.bohernabreena@gmail.com:Holy Rosary Church, Old Court Avenue, Firhouse, Dublin 24 / St Anne’s Church, Bohernabreena, Dublin 24. | St. Anne’s Church, Bohernabreena, Dublin 24 | Dublin 24 | Holy Rosary, Oldcourt Avenue, Ballycragh, Dublin 24. | Old Court Avenue, Firhouse, Dublin 24.:"https://www.dublindiocese.ie/parish/bohernabreena/"
Bonnybrook:St. Joseph`s the Artisan, Bonnybrook | Churches & Mass Times:Very Rev Canon Paul O'Driscoll::01 8485262:office@bonnybrookparish.ie:St Joseph the Artisan, Greencastle Road, Coolock, Dublin 17 | Dublin 17:"https://www.dublindiocese.ie/parish/bonnybrook/"
Booterstown:Church of the Assumption, Booterstown Avenue | Churches & Mass Times:Very Rev Mgr Ciarán O'Carroll::01 2831593:info@booterstownparish.ie:Booterstown Avenue, Co. Dublin | Co. Dublin:"https://www.dublindiocese.ie/parish/booterstown/"
Brackenstown:St Cronan’s, Brackenstown | Churches & Mass Times:Very Rev Richard Sheehy::01 8401188:brackenstownparish@gmail.com | declan.colgan@dublindiocese.ie:Brackenstown Road, Swords, Co. Dublin | Co. Dublin:"https://www.dublindiocese.ie/parish/brackenstown/"
Bray Holy Redeemer:Most Holy Redeemer, Bray | Churches & Mass Times:Very Rev Michael O'Kelly | Very Rev Niall Mackey::01 286 8413:office@holyredeemerbray.ie:Most Holy Redeemer, Main Street, Bray, Co. Wicklow | Most Holy Redeemer, Main Street, Bray, Co. Wicklow.:"https://www.dublindiocese.ie/parish/bray-holy-redeemer/"
Bray Queen of Peace:Our Lady Queen of Peace, Bray | Churches & Mass Times:Very Rev Michael O'Kelly | Very Rev Niall Mackey | Very Rev Peter O'Reilly:secretary@queenofpeace.ie:01 274 5497:secretary@queenofpeace.ie:Our Lady Queen of Peace, Putland Road, Bray, Co. Wicklow:"https://www.dublindiocese.ie/parish/bray-queen-of-peace/"
Bray St Fergal’s, Ballywaltrim:Bray St Fergal’s, Ballywaltrim::::::"https://www.dublindiocese.ie/parish/bray-st-fergals-ballywaltrim/"
Brookfield:St. Aidan`s, Brookfield | Churches & Mass Times:Very Rev John Skinnader CSSp::01 4625320:jobstownparish@gmail.com:Dublin 24:"https://www.dublindiocese.ie/parish/brookfield/"
Cabinteely:"Chapel of Ease: St. Brigid’s Mass Centre | St. Brigid’s, Cabinteely | Churches & Mass Times":Very Rev Arthur O'Neill | Very Rev Paul Ludden::01 2858835:info@cabinteelyparish.ie:Cabinteely, Dublin 18. | St Brigid’s Church, Cabinteely, Dublin 18. | St Brigid's Church, Cabinteely, Dublin 18. | The Park, Dublin 18:"https://www.dublindiocese.ie/parish/cabinteely/"
Cabra:Churches & Mass Times:Very Rev Paul Thornton | Very Rev Thomas O'Shaughnessy::01 8680804:damien.murphy@dublindiocese.ie | parishoffice@cabraparish.ie:Christ the King, Offaly Road, Cabra, Dublin 7 | Dublin 7:"https://www.dublindiocese.ie/parish/cabra/"
Cabra West:Churches & Mass Times:Very Rev Paul Thornton | Very Rev Thomas O'Shaughnessy::01 8384418:damien.murphy@dublindiocese.ie | parishoffice@cabrawestparish.com:The Most Precious Blood, Cabra West, Dublin 7. | Dublin 7:"https://www.dublindiocese.ie/parish/cabra-west/"
Castledermot:"Chapel of Ease: St. Laurence O’ Toole, Levitstown | Churches & Mass Times":Very Rev Tom Kennedy::059 9144888:castledermotparish@gmail.com:The Assumption, Castledermot, Co. Kildare | Co. Kildare:"https://www.dublindiocese.ie/parish/castledermot/"
Castleknock:Our Lady Mother of the Church, Castleknock | Churches & Mass Times:Very Rev Brendan Quinlan | Very Rev Damian McNeice | Very Rev Denis O'Connor::01 6409601:arkadiusz.lenkiewicz@dublindiocese.ie | parishoffice@castleknockparish.ie:Beechpark Lawn, Castleknock, Dublin 15. | Dublin 15:"https://www.dublindiocese.ie/parish/castleknock/"
Castletown:St. Patrick`s Castletown, Gorey | Churches & Mass Times:Very Rev Canon Pádraig Ó Cochláin:::::"https://www.dublindiocese.ie/parish/castletown/"
Celbridge:"Chapel of Ease: St Brigid’s, Straffan | St Patrick’s, Celbridge | Churches & Mass Times":Very Rev Philip Curran::01 6288827:celbridgeparishoffice@gmail.com:The Parochial House, Main Street, Celbridge, Co. Kildare W23 HD51 | Co. Kildare:"https://www.dublindiocese.ie/parish/celbridge/"
Chapelizod:Nativity of the Blessed Virgin Mary, Chapelizod | Churches & Mass Times:Very Rev Eugene Taaffe::087 2525196:info@chapelizodparish.com:Nativity of the Blessed Virgin Mary, Chapelizod, Dublin 20 | Dublin 20:"https://www.dublindiocese.ie/parish/chapelizod/"
Cherry Orchard:Most Holy Sacrament, Cherry Orchard | Churches & Mass Times:Very Rev Michael Murtagh:::info@cherryorchardparish.com:Dublin 10:"https://www.dublindiocese.ie/parish/cherry-orchard/"
Churchtown:The Good Shepherd, Churchtown | Churches & Mass Times:Very Rev John Bracken::01 2984642:frank.browne@dublindiocese.ie | info@goodshepherdchurchtown.ie:Nutgrove Avenue, Churchtown, Dublin 14 | The Good Shepherd, Churchtown, Dublin 14 | Dublin 14:"https://www.dublindiocese.ie/parish/churchtown/"
City Quay:Immaculate Heart of Mary, City Quay | Churches & Mass Times:Very Rev Alan Hilliard::01 6773073::Dublin 2:"https://www.dublindiocese.ie/parish/city-quay/"
Clogher Road:St. Bernadette, Clogher Road | Churches & Mass Times:Very Rev Brian Lawless | Very Rev Tony O'Shaughnessy::01 4733109:clogherroadparish@gmail.com | jimmy.fennell@dublindiocese.ie:Clogher Road, Dublin 12. | Dublin 12:"https://www.dublindiocese.ie/parish/clogher-road/"
Clondalkin:Immaculate Conception of the B.V.M, Clondalkin | Our Lady Queen of the Apostles, Clonburris | Churches & Mass Times:Very Rev Brian McKittrick | Very Rev Kieran Coghlan::01 4593520:office@clondalkinparish.com:Dublin 22:"https://www.dublindiocese.ie/parish/clondalkin/"
Clonskeagh:Church of the Miraculous Medal, Clonskeagh | Churches & Mass Times:Very Rev Joe Mullan::01 2837948:clonskeaghparish@gmail.com:Dublin 14:"https://www.dublindiocese.ie/parish/clonskeagh/"
Clontarf St Anthony’s:St Anthony’s, Clontarf | Churches & Mass Times:Very Rev John O'Brien | Very Rev Larry White::01 8333459:stanthonysclontarf@gmail.com:St Lawrence’s Road, Clontarf, Dublin 3:"https://www.dublindiocese.ie/parish/clontarf-st-anthonys/"
Clontarf St John’s:St John the Baptist, Clontarf | Churches & Mass Times:Very Rev John O'Brien::01 8334606:clontarfstjohns@gmail.com:Clontarf Road, Dublin 3:"https://www.dublindiocese.ie/parish/clontarf-st-johns/"
Confey:St Charles Borromeo, Confey | Churches & Mass Times:Very Rev Gregory O'Brien::01 6247410::Captain's Hill, Leixlip, Co. Kildare | Co. Kildare:"https://www.dublindiocese.ie/parish/confey/"
Coolock:St. Brendan`s, Coolock | Churches & Mass Times:Very Rev Edwin McCallion SM::01 8480102 | 8484799:office@stbrendanscoolock.org:Coolock Village, Dublin 5 | Dublin 5:"https://www.dublindiocese.ie/parish/coolock/"
Corduff:St. Patrick`s Corduff, Blanchardstown | Churches & Mass Times:Very Rev John Regan SAC::01 8213596 | 01 8215930:corduffdublin@gmail.com:Corduff, Blanchardstown, Dublin 15. | Dublin 15:"https://www.dublindiocese.ie/parish/corduff/"
Crumlin:Churches & Mass Times | St. Agnes, Crumlin:Very Rev Tony O'Shaughnessy::01 455 5368:info@crumlinparish.ie | jimmy.fennell@dublindiocese.ie:St. Agnes Road, Crumlin, Dublin 12 | Dublin 12:"https://www.dublindiocese.ie/parish/crumlin/"
Dalkey:Church of the Assumption, Dalkey | Churches & Mass Times:"Administrator, Parish Priest: | Very Rev David Brough | Very Rev Liam Lacey"::01 2859418:office@dalkeyparish.ie:Co. Dublin:"https://www.dublindiocese.ie/parish/dalkey/"
Darndale-Belcamp:Our Lady Immaculate, Darndale | Churches & Mass Times:Very Rev Eduardo Núñez-Yépez OMI::01 8474547:info@darndalebelcamp.ie:Our Lady Immaculate, Darndale, Dublin 17. | Dublin 17:"https://www.dublindiocese.ie/parish/darndale-belcamp/"
Deansrath:St. Ronan’s, Deansrath | Churches & Mass Times:Very Rev Edvaldo Rodrigues Da Silva CSSp::01 4570380:deacon.derek.leonard@dublindiocese.ie | stronansdeansrath@hotmail.com:St. Ronan’s Church, Deansrath, Dublin 22. | St. Ronan's Church, Deansrath, Dublin 22.:"https://www.dublindiocese.ie/parish/deansrath/"
Dollymount:St. Gabriel, Dollymount | Churches & Mass Times:Very Rev John O'Brien | Very Rev Pat McManus::01 8333602:info@stgabrielsparish.ie:St Gabriel’s Parish Centre, St Gabriel’s Road, Dollymount, Dublin 3 | St. Gabriel’s, St. Gabriel’s Road, Dollymount, Dublin 3. | Dublin 3:"https://www.dublindiocese.ie/parish/dollymount/"
Dolphin’s Barn:Our Lady of Dolours, Dolphin’s Barn | Churches & Mass Times:Very Rev Fergal MacDonagh::01 4533490:dolphinsbarnparish@gmail.com:Dolphin's Barn, Dublin 8:"https://www.dublindiocese.ie/parish/dolphins-barn/"
Dominick Street:"Chapel of Ease: St. Martin’s | Churches & Mass Times | St. Saviour’s":Very Rev Brian Doyle OP::01 8897610:stsaviourspriory@gmail.com:Dominick Street, Dublin 1 | Dublin 1:"https://www.dublindiocese.ie/parish/dominick-street/"
Donabate:"Chapel of Ease: The Immaculate Conception, Balheary | Chapel of Ease: St. Ita’s Hospital, Protrane | St. Patrick’s, Donabate | Churches & Mass Times":::01 8434574:stpatricksrcdonabate@gmail.com:Co. Dublin | Church of the Immaculate Conception, Balheary, Co. Dublin | St. Ita’s Hospital Chapel, Portrane, Co. Dublin.:"https://www.dublindiocese.ie/parish/donabate/"
Donaghmede-Clongriffin-Balgriffin:Church of the Holy Trinity, Donaghmede | Churches & Mass Times:Very Rev Declan Blake::01 8479822:info@holytrinityparish.ie:Holy Trinity Parish Office, 12 Grangemore Grove, Donaghmede, Dublin 13 | Church of the Holy Trinity, Donaghmede, Dublin 13. | Dublin 13:"https://www.dublindiocese.ie/parish/donaghmede-clongriffin-balgriffin/"
Donnybrook:Church of the Sacred Heart, Donnybrook | Churches & Mass Times:Very Rev Mgr Ciarán O'Carroll:secretary@donnybrookparish.ie:01 2693926:secretary@donnybrookparish.ie:Church of the Sacred Heart, Donnybrook, Dublin 4, D04 HW82 | Dublin 4:"https://www.dublindiocese.ie/parish/donnybrook/"
Donnycarney:Our Lady of Consolation, Donnycarney | Churches & Mass Times:Very Rev Michael O'Grady::01 8316016:info@donnycarneyparish.ie:Our Lady of Consolation, Donnycarney, Dublin 5. | Dublin 5:"https://www.dublindiocese.ie/parish/donnycarney/"
Donore Avenue:St. Theresa of the Child Jesus, Donore Avenue | Churches & Mass Times:Very Rev David Corrigan SM::01 4542425:info@donoreavenueparish.com:78A Donore Avenue, Dublin 8 | Dublin 8:"https://www.dublindiocese.ie/parish/donore-avenue/"
Drumcondra:Churches & Mass Times:Very Rev Gareth Byrne | Very Rev Joe McDonald::01 8360085:corpuschristidrumcondra@gmail.com:Dublin 9:"https://www.dublindiocese.ie/parish/drumcondra/"
Dún Laoghaire:St Michael’s, Dún Laoghaire | Churches & Mass Times:"Administrator, Parish Priest: | Very Rev Ciarán Enright | Very Rev David Brough | Very Rev Martin J Daly"::01 2804969:stmichdl2@eircom.net:St Michael's Church, Marine Road, Dún Laoghaire, Co. Dublin | Marine Road, Dún Laoghaire, Co. Dublin:"https://www.dublindiocese.ie/parish/dun-laoghaire/"
Dundrum:Holy Cross Church, Dundrum | Churches & Mass Times:Very Rev Canon Liam Belton | Very Rev Mgr Paul Callan::01 2983494:dundrumparish@gmail.com | gabriel.corcoran@dublindiocese.ie | noel.ryan@dublindiocese.ie:Holy Cross Church, Dundrum, Dublin 14 | Holy Cross Church, Dundrum, Dublin 14. | Dublin 14:"https://www.dublindiocese.ie/parish/dundrum/"
Dunlavin:"Chapel of Ease: Our Lady of Dolours and St. Patrick | Chapel of Ease: Church of the Holy Trinity, Donard | Churches & Mass Times":Very Rev Douglas Malone:::dunlavincatholicchurch@gmail.com:St Nicholas of Myra, Dunlavin, Co. Wicklow. | Church of the Holy Trinity, Donard, Co. Wicklow. | Our Lady of Dolours and St. Patrick, Davidstown, Co. Wicklow.:"https://www.dublindiocese.ie/parish/dunlavin/"
Eadestown:"Chapel of Ease: St. Laurence O’Toole, Kilteel | The Immaculate Conception, Eadestown | Churches & Mass Times":Very Rev Miceál Comer:::eadestownparish@gmail.com | gerry.malone@dublindiocese.ie:The Immaculate Conception, Eadestown, Naas, Co. Kildare. | St. Laurence O’Toole, Kilteel, Co. Kildare. | St. Laurence O'Toole, Kilteel, Co. Kildare.:"https://www.dublindiocese.ie/parish/eadestown/"
East Wall:St. Joseph’s, East Wall | Churches & Mass Times:Very Rev John Ennis::01 8560980:macevillyh@gmail.com | stjosephsparish1941@gmail.com:St Joseph’s, Church Road, East Wall, Dublin 3 | St. Joseph’s, Church Road, East Wall, Dublin 3.:"https://www.dublindiocese.ie/parish/east-wall/"
Edenmore:Churches & Mass Times | St Monica’s, Edenmore:Very Rev Canon Paddy Boyle | Very Rev Cyril Mangan::01 8471497:info@stbenedicts-stmonicas.ie:All correspondence to be sent to St Monica's Parish, c/o Holy Trinity Parish Office, 12 Grangemore Grove, Dublin 13 | St Monica's Church, Edenmore Crescent, Dublin 5:"https://www.dublindiocese.ie/parish/edenmore/"
Enniskerry:"Chapel of Ease: St Mochonog’s, Kilmacanogue | Chapel of Ease: St Kevin’s, Glencree | St Patrick’s Church, Curtlestown | Churches & Mass Times | St Mary’s, Enniskerry":Very Rev Bernard Kennedy::01 2741951 | 01 2863506:stmarys@enniskerryparish.ie:"Enniskerry: Parochial House, St Mary's Church, Enniskerry, Co. Wicklow / Kilmacanogue: St Mochonog’s, Kilmacanogue, Bray, Co. Wicklow | St Patrick's Church, Curtlestown, Co. Wicklow. | St. Mary’s Church, Enniskerry, Co. Wicklow. | St Mochonog's, Kilmacanogue, Co. Wicklow. | St Kevin's Church, Glencree, Co. Wicklow":"https://www.dublindiocese.ie/parish/enniskerry/"
Esker/Dodsboro:St. Patrick’s Church – Esker/Lucan | Churches & Mass Times:Very Rev Bill O'Shaughnessy | Very Rev John Hassett::01 6281018:stpatrickschurchlucan@gmail.com:St Patrick's Church, Newcastle Road, Lucan, Co. Dublin. | St. Patrick’s Church, Newcastle Road, Lucan, Co. Dublin. | St. Patrick's Church, Newcastle Road, Lucan, Co. Dublin.:"https://www.dublindiocese.ie/parish/esker-dodsboro/"
Fairview:Church of the Visitation of the Blessed Virgin Mary | Churches & Mass Times:Very Rev John Anthony Delaney OFMConv::01 8376000:info@fairviewparish.ie:Church of the Visitation of the Blessed Virgin Mary, Fairview Strand, Fairview, Dublin 3, D03 E165:"https://www.dublindiocese.ie/parish/fairview/"
Finglas:St Margaret’s, Finglas Village | St Canice’s, Finglas Village | Churches & Mass Times:Very Rev Canon Martin Hogan | Very Rev Michael Shiels | Very Rev Richard Hyland | Very Rev Éamann Cahill::01 834 3110:info@stcanicesfinglas.com:St Canice’s, Main Street, Finglas Village, Dublin 11 | St. Canice's, Main Street, Finglas Village, Dublin 11. | St. Margaret's Church, Sandyhill, Finglas, Co. Dublin.:"https://www.dublindiocese.ie/parish/finglas/"
Finglas West:St Fergal’s School Hall | Churches & Mass Times:Very Rev Canon Martin Hogan | Very Rev Richard Hyland | Very Rev Éamann Cahill::01 8341284:westfinglasparish1@gmail.com:Church of the Annunciation, Cappagh Road, Finglas, Dublin 11:"https://www.dublindiocese.ie/parish/finglas-west/"
Firhouse:Our Lady of Mount Carmel, Firhouse | Churches & Mass Times:Very Rev Michael Cullen | Very Rev Peter Reilly::01 4524702:olmcfirhouseparish@gmail.com:Our Lady of Mount Carmel, Ballycullen Avenue, Firhouse, Dublin 24 | Our Lady of Mount Carmel, Ballycullen Avenue, Firhouse, Dublin 24. | Ballycullen Avenue, Firhouse, Dublin 24:"https://www.dublindiocese.ie/parish/firhouse/"
Foxrock:Our Lady of Perpetual Succour | Churches & Mass Times:Very Rev Paul Kenny | Very Rev Philip Bradley:secretary@foxrockparish.ie:01 2893492:secretary@foxrockparish.ie:Our Lady of Perpetual Succour, Foxrock, Dublin 18 | Our Lady of Perpetual Succour, Foxrock, Dublin 18.:"https://www.dublindiocese.ie/parish/foxrock/"
Francis Street:St Nicholas of Myra, Francis Street | Churches & Mass Times:Very Rev Colin Rothery::01 4530387 | 01 5157512:franciss@francistreetparish.ie:St Nicholas of Myra, Francis Street, Dublin 8:"https://www.dublindiocese.ie/parish/francis-street/"
Garristown:"Chapel of Ease: St. Joseph`s, Ballymadun (Garristown) | Church of the Assumption, Garristown | Churches & Mass Times":"Moderator: Fr. Derek Canon Farrell. | Very Rev Canon Derek Farrell"::01 8354138 | 087 1911902:pagnr44@gmail.com:"Garristown, Co. Dublin | Address: Parochial House, Main Street, Garristown, Co. Dublin, A42 PF64 | Co. Dublin":"https://www.dublindiocese.ie/parish/garristown/"
Glasnevin:Our Lady of Dolours, Glasnevin | Churches & Mass Times:Very Rev Gareth Byrne | Very Rev Joe McDonald | Very Rev Kieran Dunne | Very Rev Paul Coyle::01 8379445:ourladyofdoloursparish@gmail.com:Our Lady of Dolours, Botanic Avenue, Glasnevin, Dublin 9:"https://www.dublindiocese.ie/parish/glasnevin/"
Glasthule:St Joseph’s, Glasthule | Churches & Mass Times:"Administrator, Parish Priest: | Very Rev Ciarán Enright | Very Rev David Brough"::01 663 8604:stjosephsglasthule@gmail.com:St. Joseph's, Glasthule, Co. Dublin. | St Joseph’s, Glasthule, Co. Dublin. | St Joseph's, Glasthule, Co. Dublin.:"https://www.dublindiocese.ie/parish/glasthule/"
Glendalough:St Kevin’s, Glendalough | Churches & Mass Times:Very Rev Derek Doyle::404 4577:glendaloughparish@gmail.com:St Kevin's, Laragh, Glendalough, Co. Wicklow | St Kevin's Church, Laragh, Glendalough, Co. Wicklow:"https://www.dublindiocese.ie/parish/glendalough/"
Grange Park:St Benedict’s, Grange Park | Churches & Mass Times:Very Rev Canon Paddy Boyle | Very Rev Cyril Mangan::01 8679597:info@stbenedicts-stmonicas.ie:Correspondence to be sent to St Benedict's Parish c/o Holy Trinity Parish Office, 12 Grangemore Grove, Dublin 13 | St Benedict's, Grange Park View, Dublin 5:"https://www.dublindiocese.ie/parish/grange-park/"
Greenhills:Church of the Holy Spirit, Greenhills | Churches & Mass Times:Very Rev John Mahon CSSp | Very Rev Michael Kilkenny CSSp::01 4509191:greenhillsparish@eircom.net:Church of the Holy Spirit, Dublin 12 | Church of the Holy Spirit, Dublin 12.:"https://www.dublindiocese.ie/parish/greenhills/"
Greystones:"Chapel of Ease: St. Kilian’s, Kilnamanagh | Church of the Holy Rosary, Greystones | Churches & Mass Times":Very Rev Bernardo Luis Miguel De Nardo | Very Rev Canon Seán Smith | Very Rev Denis Quinn | Very Rev Des Hayden::01 287 4025:office@gkpastoralarea.ie:Church grounds, La Touche Road, Greystones, Co. Wicklow | Church of the Holy Rosary, Greystones, Co. Wicklow. | St. Kilian’s, Blacklion, Greystones, Co. Wicklow. | St. Kilian's, Blacklion, Greystones, Co. Wicklow.:"https://www.dublindiocese.ie/parish/greystones/"
Haddington Road:St. Mary’s, Haddington Road | Churches & Mass Times:Very Rev Enda Cunningham | Very Rev Fachtna McCarthy | Very Rev John McDonagh::01 6600075:parishoffice@stmaryshaddingtonroad.ie:St Mary's, Haddington Road, Dublin 4 | St. Mary's, Haddington Road, Dublin 4.:"https://www.dublindiocese.ie/parish/haddington-road/"
Halston Street and Arran Quay:St. Michan’s, Halston Street | St. Mary of the Angels | Churches & Mass Times:Very Rev Richard Hendrick OFMCap::01 8730675::Parish Pastoral Office, 15F The Maro Building, 1 Green Street, Dublin 7 | St. Michan's, Halston Street, Dublin 7. | St. Mary of the Angels, Church Street, Dublin 7.:"https://www.dublindiocese.ie/parish/halston-street-and-arran-quay/"
Harold’s Cross:Our Lady of the Rosary, Harold’s Cross | Churches & Mass Times:Very Rev Alex Conlan::01 4965055 | 01 4975999:enquiries@hxparish.ie:Our Lady of the Rosary, Harold's Cross, Dublin 6W, D6W KW21 | Our Lady of the Rosary, Harold’s Cross, Dublin 6W. | Our Lady of the Rosary, Harold's Cross, Dublin 6W.:"https://www.dublindiocese.ie/parish/harolds-cross/"
Harrington Street:St Kevin’s, Harrington Street | Churches & Mass Times:St Kevin’s is also the home of the Dublin Latin Mass Chaplaincy (see | Very Rev Gerard Deighan::01 4751506:stkevinschurch@gmail.com:The Presbytery, Harrington Street, Dublin 8, D08 XR9C | St Kevin’s, Harrington Street, Dublin 8. | St Kevin's, Harrington Street, Dublin 8.:"https://www.dublindiocese.ie/parish/harrington-street/"
Hartstown:St Ciaran’s, Hartstown | Churches & Mass Times:Very Rev George Adzato SVD::01 8204777:pchuntstown@gmail.com:St Ciaran's, Hartstown, Dublin 15 | St Ciaran’s, Hartstown, Dublin 15. | St Ciaran's, Hartstown, Dublin 15.:"https://www.dublindiocese.ie/parish/hartstown/"
Howth:Church of the Assumption, Howth | Churches & Mass Times:Very Rev Gerard Tanham | Very Rev Paul Hampson::01 8397398:assumptionhowth@gmail.com:Parish Office, Church of the Assumption, Howth, Co. Dublin | Church of the Assumption, Howth, Co. Dublin.:"https://www.dublindiocese.ie/parish/howth/"
Huntstown:"Chapel of Ease: Mary, Mother of Hope, Littlepace | Sacred Heart of Jesus, Huntstown | Churches & Mass Times":Very Rev George Adzato SVD::01 8249651:pchuntstown@gmail.com:Church of the Sacred Heart of Jesus, Huntstown Way, Dublin 15, D15 F440 | Church of the Sacred Heart of Jesus, Huntstown, Dublin 15. | Church of Mary Mother of Hope, Littlepace Road, Littlepace, Dublin 15. | Mary, Mother of Hope, Littlepace Road, Littlepace, Dublin 15.:"https://www.dublindiocese.ie/parish/huntstown/"
Inchicore Mary Immaculate:Mary Immaculate, Inchicore | Churches & Mass Times:Very Rev Liam Griffin OMI | Very Rev Paul Horrocks OMI | Very Rev Sandhappan Chinnappan OMI::01 4534408:maryimmaculate@oblates.ie:Mary Immaculate, Tyrconnell Road, Inchicore, Dublin 8.:"https://www.dublindiocese.ie/parish/inchicore-mary-immaculate/"
Inchicore St Michael:St Michael’s, Inchicore | Churches & Mass Times:Very Rev Liam Griffin OMI | Very Rev Paul Horrocks OMI | Very Rev Sandhappan Chinnappan OMI::01 4531660:stmichaelsparishomi@gmail.com:St Michael's, Emmet Road, Inchicore, Dublin 8 | St. Michael’s, Emmet Road, Inchicore, Dublin 8. | St. Michael's, Emmet Road, Inchicore, Dublin 8.:"https://www.dublindiocese.ie/parish/inchicore-st-michael/"
Iona Road:"Chapel of Ease: St. Alphonsus Monastery, Glasnevin | St. Columba’s, Iona Road | Churches & Mass Times":Very Rev Gareth Byrne | Very Rev Joe McDonald | Very Rev Patrick Jones::01 8308067:ionaroadparish@gmail.com:Glasnevin Cemetery Chapel, Glasnevin, Dublin 9. | St. Columba’s, Iona Road, Glasnevin, Dublin 9. | St. Columba's, Iona Road, Glasnevin, Dublin 9. | St. Alphonsus Monastery, Glasnevin, Dublin 9. | St. Alphonsus Monastery, Drumcondra, Dublin 9.:"https://www.dublindiocese.ie/parish/iona-road/"
James’s Street:Churches & Mass Times | St James’s Church:Very Rev Colin Rothery::01 4531143:jamesstreet1842@gmail.com:James's Street, Dublin 8:"https://www.dublindiocese.ie/parish/jamess-street/"
Jobstown:St. Thomas the Apostle, Jobstown | Churches & Mass Times:Very Rev John Skinnader CSSp::01 4523595:jobstownparish@gmail.com:Church of St Thomas the Apostle, Jobstown, Dublin 24, D24 VX68 | Church of St. Thomas the Apostle, Jobstown, Dublin 24, D24 VX68.:"https://www.dublindiocese.ie/parish/jobstown/"
Johnstown-Killiney:Our Lady of Good Counsel, Johnstown | Churches & Mass Times:Very Rev John Sinnott | Very Rev Paul Ludden::01 2351416:johnstownparish@gmail.com:Our Lady of Good Counsel, Churchview Road, Johnstown, Co. Dublin | Our Lady of Good Counsel, Churchview Road, Johnstown, Co. Dublin.:"https://www.dublindiocese.ie/parish/johnstown-killiney/"
Kilbarrack-Foxfield:St John the Evangelist, Kilbarrack | Churches & Mass Times:Very Rev Peter Finnerty::01 8390433:info@kilbarrackfoxfieldparish.ie:St John the Evangelist, Greendale Road, Kilbarrack, Dublin 5 | St. John the Evangelist, Greendale Road, Kilbarrack, Dublin 5.:"https://www.dublindiocese.ie/parish/kilbarrack-foxfield/"
Kilbride and Barndarrig:"Chapel of Ease: Star of the Sea, Brittas Bay | Chapel of Ease: St Brigid’s, Kilbride | Churches & Mass Times | St Mary’s, Barndarrig":Very Rev Aquinas Duffy | Very Rev Gerard Deegan | Very Rev Tim Murphy::404 6169:parishofficewicklow@gmail.com:The Parish Office, De La Salle Pastoral Centre, Church Grounds, St Patrick's Road, Wicklow Town, Co Wicklow | St Mary's, Barndarrig, Co. Wicklow. | St. Brigid’s, Kilbride, Co. Wicklow. | St Brigid's, Kilbride, Co. Wicklow. | Star of the Sea, Brittas Bay, Co. Wicklow.:"https://www.dublindiocese.ie/parish/kilbride-and-barndarrig/"
Kilcullen:"Chapel of Ease: St. Joseph’s, Gormanstown | Sacred Heart and St Brigid, Kilcullen | Churches & Mass Times":Very Rev Gary Darby::045 4807:kilcullenparish@gmail.com:Sacred Heart and St Brigid, Kilcullen, Co. Kildare | Sacred Heart and St Brigid, Kilcullen, Co. Kildare. | St. Joseph’s, Gormanstown, Co. Kildare. | St. Joseph's, Gormanstown, Co. Kildare.:"https://www.dublindiocese.ie/parish/kilcullen/"
Kill o’ the Grange:Church of the Holy Family, Kill o’ the Grange | Churches & Mass Times:Very Rev Canon John Killeen | Very Rev Michael O'Connor | admin@holyfamilyparish.ie::01 2845299:admin@holyfamilyparish.ie:Kill Avenue, Dún Laoghaire, Co. Dublin, A96 VX01 | Kill Lane, Deansgrange, Co Dublin, A96 VX01:"https://www.dublindiocese.ie/parish/kill-o-the-grange/"
Killester:St. Brigid’s, Killester | Churches & Mass Times:Very Rev Joseph Whelan::01 8332974:killesterparish@gmail.com:St Brigid's, Howth Road, Killester, Dublin 5. | St. Brigid’s, Howth Road, Killester, Dublin 5. | St. Brigid's, Howth Road, Killester, Dublin 5.:"https://www.dublindiocese.ie/parish/killester/"
Killinarden:Church of the Sacred Heart Killinarden, Tallaght | Churches & Mass Times:Very Rev Fintan O'Driscoll MSC::01 4522251:sacredheartparishkillinarden@gmail.com:Killinarden, Tallaght, Dublin 24, D24 YR89 | Dublin 24:"https://www.dublindiocese.ie/parish/killinarden/"
Kilmacud:St Laurence O’Toole, Kilmacud | Churches & Mass Times:Very Rev Joe Mullan:Parish Secretary – Christine Mullock:01 2884009:kilmacudparishoffice@gmail.com:Co. Dublin:"https://www.dublindiocese.ie/parish/kilmacud/"
Kilmore West:St Luke the Evangelist, Kilmore West | Churches & Mass Times:Very Rev Padraig O'Sullivan::01 8488149:stlukeskilmore@gmail.com:Kilbarron Road, Kilmore West, Dublin 5:"https://www.dublindiocese.ie/parish/kilmore-west/"
Kilnamanagh-Castleview:St. Kevin’s, Kilnamanagh | Churches & Mass Times | St Kilian’s Church:Very Rev Frank Drescher::01 4515570:kcparishoffice@gmail.com:Treepark Road, Kilnamanagh, Dublin 24 | Ballymount Road, Kingswood Heights, Dublin 24 | Dublin 24:"https://www.dublindiocese.ie/parish/kilnamanagh-castleview/"
Kilquade:"Chapel of Ease: St. Joseph’s, Newtownmountkennedy | Chapel of Ease: St. Anthony of Padua / Kilcoole | Holy Spirit Oratory, Newcastle | St. Patrick`s, Kilquade | Churches & Mass Times":Very Rev Bernardo Luis Miguel De Nardo | Very Rev Canon Seán Smith | Very Rev Denis Quinn | Very Rev Des Hayden::01 2819658:office@gkpastoralarea.ie:St Patrick's, Kilquade, Co. Wicklow | Co. Wicklow:"https://www.dublindiocese.ie/parish/kilquade/"
Kimmage Manor:Church of the Holy Spirit, Kimmage Manor | Churches & Mass Times:Very Rev Michael Kilkenny CSSp::01 4064377:kimmagemanorparish@gmail.com:Kimmage Manor, Whitehall Road, Dublin 12:"https://www.dublindiocese.ie/parish/kimmage-manor/"
Kinsealy:St. Nicholas of Myra, Kinsealy | Churches & Mass Times:Very Rev Desmond Doyle::01 8460028:stnofmkinsealy@gmail.com:Co. Dublin:"https://www.dublindiocese.ie/parish/kinsealy/"
Knocklyon:St Colmcille, Knocklyon | Churches & Mass Times:Very Rev Cyril Ming Ma SVD::01 4941204:ionapastoralcentre@gmail.com:Dublin 16:"https://www.dublindiocese.ie/parish/knocklyon/"
Larkhill, Whitehall and Santry:::::::"https://www.dublindiocese.ie/parish/larkhill-whitehall-and-santry/"
Laurel Lodge:St Thomas the Apostle, Laurel Lodge | Churches & Mass Times:Very Rev Brendan Quinlan | Very Rev Damian McNeice::01 8208112:office@laurellodgeparish.ie:Parish Office, Parish of St Thomas the Apostle, Laurel Lodge, Dublin 15, D15 CA4V | Dublin 15:"https://www.dublindiocese.ie/parish/laurel-lodge/"
Leixlip:Our Lady’s Nativity, Leixlip | Churches & Mass Times:Very Rev Gregory O'Brien::01 6243673:leixlip.parish@oln.ie:Co. Kildare:"https://www.dublindiocese.ie/parish/leixlip/"
Little Bray (St Peter’s):St Peter’s, Little Bray | Churches & Mass Times:Very Rev Michael O'Kelly | Very Rev Niall Mackey::01 2829467:stpeterslittlebray1@gmail.com:St Peter’s, Little Bray, Co. Wicklow | St Peter’s, Little Bray, Co. Wicklow.:"https://www.dublindiocese.ie/parish/bray-st-peters-little-bray/"
Loughlinstown:St Columbanus, Loughlinstown | Churches & Mass Times:Very Rev Richard Behan::01 2824085:parishofloughlinstown@gmail.com:Church of St Columbanus, 10 The Oaks, Loughlinstown Drive, Loughlinstown, Co Dublin | Loughlinstown Drive, Loughlinstown, Co. Dublin:"https://www.dublindiocese.ie/parish/loughlinstown/"
Lucan:Churches & Mass Times | St. Mary’s, Lucan:Very Rev Bill O'Shaughnessy:secretary@lucanparish.com:01 6217041:secretary@lucanparish.com:St Mary's Parish, Lucan Road, Lucan, Co. Dublin | Co. Dublin:"https://www.dublindiocese.ie/parish/lucan/"
Lucan South:Church of the Divine Mercy, Lucan South | Churches & Mass Times:Very Rev Aidan Kieran::01 4572900:lucansouthparish@gmail.com:Lucan South Parish, Balgaddy Road, Lucan, Co. Dublin | Dublin 22:"https://www.dublindiocese.ie/parish/lucan-south/"
Lusk:Churches & Mass Times | St. MacCullin`s, Lusk:Very Rev Kevin Moore::01 8438421:luskparish@eircom.net:Co. Dublin:"https://www.dublindiocese.ie/parish/lusk/"
Malahide:St Sylvester’s, Malahide | Churches & Mass Times:Very Rev Desmond Doyle::01 8451244:stsylvesters@malahideparish.ie:Co. Dublin:"https://www.dublindiocese.ie/parish/malahide/"
Marino:"St. Vincent de Paul, Griffith Avenue, Marino | Mass Centre: St. Joseph`s Chapel Rosminni | Churches & Mass Times":Very Rev Tom Noone::01 8332772:info@marinoparish.ie:Dublin 9:"https://www.dublindiocese.ie/parish/marino/"
Marley Grange:Churches & Mass Times:Very Rev Liam Tracey OSM::01 4944295:marleyparish1@gmail.com:Divine Word, Marley Rise, Rathfarnham, Dublin 16 | Dublin 16:"https://www.dublindiocese.ie/parish/marley-grange/"
Maynooth:Churches & Mass Times | St. Mary`s Maynooth:Very Rev Paul Kelly | Very Rev Tom Dalzell::01 6293018:maynoothparishoffice@gmail.com:St Mary's, Maynooth, Co. Kildare | Co. Kildare:"https://www.dublindiocese.ie/parish/maynooth/"
Meadowbrook:St. Attracta`s Oratory, Meadowbrook | Churches & Mass Times:Very Rev Canon Liam Belton::01 2987401:info@meadowbrookparish.ie:St Attracta's, Meadowbrook, Ballinteer, Dublin 16 | Dublin 16:"https://www.dublindiocese.ie/parish/meadowbrook/"
Meath Street:St Catherine of Alexandria | Churches & Mass Times:Very Rev Colin Rothery::01 4543356:info@meathstreetparish.ie:St Catherine of Alexandria, Meath Street, Dublin 8 | Meath Street, Dublin 8:"https://www.dublindiocese.ie/parish/meath-street/"
Merrion Road:Our Lady Queen of Peace, Merrion Road | Churches & Mass Times:Very Rev James Hurley::01 2691825:info@merrionroadchurch.ie:Merrion Road, Dublin 4, D04 NX33:"https://www.dublindiocese.ie/parish/merrion-road/"
Milltown:The Assumption and Sts Columbanus and Gall, Milltown | Churches & Mass Times:Very Rev Mgr Ciarán O'Carroll::01 2196740:milltownparishcentre@gmail.com:Milltown, Dublin 6:"https://www.dublindiocese.ie/parish/milltown/"
Monkstown:St. Patrick`s Carrickbrennan Road, Monkstown | Churches & Mass Times:Very Rev Kevin Rowan:secretary@monkstownparish.ie:01 5382542:secretary@monkstownparish.ie:Co. Dublin:"https://www.dublindiocese.ie/parish/monkstown/"
Moone:Church of the Blessed Trinity, Moone | Churches & Mass Times:Very Rev Canon Frank McEvoy | Very Rev Canon Liam Rigney::059 8623154:stlaurenceschurch@gmail.com:Co. Kildare:"https://www.dublindiocese.ie/parish/moone/"
Mount Argus:St Paul of the Cross, Mount Argus | Churches & Mass Times:Very Rev Aidan O'Kane CP | Very Rev Patrick Fitzgerald CP::01 4992000:office@mountargusparish.ie:St Paul of the Cross, Mount Argus, 101 Lower Kimmage Road, Harold's Cross, Dublin 6W | Dublin 6W:"https://www.dublindiocese.ie/parish/mount-argus/"
Mount Merrion:St Thérèse, Mount Merrion | Churches & Mass Times:Very Rev Joe Mullan::012783804 | 012881271:parishoffice@mountmerrionparish.ie:The Rise, Mount Merrion, Co. Dublin:"https://www.dublindiocese.ie/parish/mount-merrion/"
Mountview:St Philip the Apostle, Mountview | Churches & Mass Times:Very Rev George Adzato SVD::089 2174317:mbparishes@gmail.com:Church of St Philip the Apostle, Mountview, Dublin 15, D15 VK59 | Dublin 15:"https://www.dublindiocese.ie/parish/mountview/"
Mourne Road:Our Lady of Good Counsel, Mourne Road | Churches & Mass Times:Very Rev Conleth Meehan | Very Rev Dan Nguyen | Very Rev Tony O'Shaughnessy::01 4556105:office@mourneparish.ie:Dublin 12:"https://www.dublindiocese.ie/parish/mourne-road/"
Mulhuddart:St. Luke the Evangelist, Mulhuddart | Churches & Mass Times:Very Rev Brendan Madden::01 8205480:mulhudoffice@gmail.com:Church Road, Mulhuddart, Dublin 15 | Dublin 15:"https://www.dublindiocese.ie/parish/mulhuddart/"
Narraghmore:"Chapel of Ease: St. Joseph’s, Ballymount | Chapel of Ease: St. Ita’s, Kilmead | Ss. Mary and Laurence, Crookstown | Churches & Mass Times":Very Rev Canon Frank McEvoy | Very Rev Canon Liam Rigney::059 8623154:stlaurenceschurch@gmail.com:Co. Kildare:"https://www.dublindiocese.ie/parish/narraghmore/"
Naul:"Chapel of Ease: Assumption of Our Lady, Ballyboughal | Chapel of Ease: Nativity of Our Lady, Naul | Churches & Mass Times | St Canice’s, Naul":Very Rev Canon Derek Farrell::01 8354138:pagnr44@gmail.com:Naul, Co. Dublin | Co. Dublin | Damastown, Co. Dublin:"https://www.dublindiocese.ie/parish/naul/"
Navan Road:Our Lady Help of Christians, Navan Road | Churches & Mass Times:Very Rev Liam Ó Cuív | Very Rev Patrick O'Byrne::01 8380265:info@navanroadparish.com:Dublin 7:"https://www.dublindiocese.ie/parish/navan-road/"
Neilstown:St. Peter the Apostle, Neilstown | Churches & Mass Times:Very Rev Hugh Kavanagh::01 4573546::Dublin 22:"https://www.dublindiocese.ie/parish/neilstown/"
Newcastle:St Finian’s, Newcastle | Churches & Mass Times:Very Rev Joseph Ryan::01 4589209:saggartparish@gmail.com:Main Street, Newcastle, Co. Dublin:"https://www.dublindiocese.ie/parish/newcastle/"
Newtownpark:Church of the Guardian Angels Newtownpark | Churches & Mass Times:Very Rev Paul Kenny | Very Rev Philip Bradley::01 2832988:parishoffice@newtownparkparish.com:Newtownpark Avenue, Blackrock, Co. Dublin | Co. Dublin:"https://www.dublindiocese.ie/parish/newtownpark/"
North Wall:St Laurence O’Toole, Seville Place/North Wall | Churches & Mass Times:Very Rev Brendan Kealy::01 8744236::Seville Place, North Wall, Dublin 1 | Dublin 1:"https://www.dublindiocese.ie/parish/north-wall/"
North William Street:St Agatha’s, North William Street | Churches & Mass Times:Very Rev Brendan Kealy::01 8554078:office@stagathas.ie:Dublin 1:"https://www.dublindiocese.ie/parish/north-william-street/"
Palmerstown:St. Philomena, Palmerstown | Churches & Mass Times:Very Rev Canon Anthony Reilly::01 6260900:parishoffice@palmerstownparish.com:St Philomena’s Church, Old Lucan Road, Palmerstown, Dublin 20, D20 H362 | Dublin 20:"https://www.dublindiocese.ie/parish/palmerstown/"
Phibsborough:St Peter’s, Phibsborough | Churches & Mass Times:Very Rev Eamon Devlin CM::01 8389708:info@stpetersphibsboro.ie:St Peter's, Phibsborough, Dublin 7 | Phibsboro, Dublin 7:"https://www.dublindiocese.ie/parish/phibsborough/"
Porterstown-Clonsilla:St. Mochta`s, Porterstown | Churches & Mass Times:Very Rev Damian McNeice | Very Rev Paul Ward:secretary@stmochtasparish.ie:01 8213218:secretary@stmochtasparish.ie:Porterstown, Dublin 15 | Dublin 15:"https://www.dublindiocese.ie/parish/porterstown-clonsilla/"
Portmarnock:St. Anne`s Portmarnock | Churches & Mass Times:Very Rev Canon John Flaherty::01 8461561:stannes@portmarnockparish.ie:Co. Dublin:"https://www.dublindiocese.ie/parish/portmarnock/"
Priorswood:St. Francis of Assisi, Priorswood | Churches & Mass Times:Very Rev Martin Bennett OFMCap::01 8474469:priorswoodparish@yahoo.ie:Dublin 17:"https://www.dublindiocese.ie/parish/priorswood/"
Raheny:Our Lady Mother of Divine Grace, Raheny | Churches & Mass Times:Very Rev Cyril Mangan::01 8313232:info@rahenyparish.ie:Church of Our Lady Mother of Divine Grace, Howth Road, Raheny, Dublin 5 | Dublin 5:"https://www.dublindiocese.ie/parish/raheny/"
Rathdrum:"Chapel of Ease: St. Columba’s, Greenane | Ss. Mary and Michael, Rathdrum | Churches & Mass Times":Very Rev Derek Doyle::404 4339:rpo2014frd@gmail.com:Co. Wicklow:"https://www.dublindiocese.ie/parish/rathdrum/"
Rathfarnham:Church of the Annunciation, Rathfarnham | Churches & Mass Times:Very Rev Martin Cosgrove | Very Rev Michael Coady::01 4958695:parishoffice@rathfarnhamparish.com:Dublin 14:"https://www.dublindiocese.ie/parish/rathfarnham/"
Rathgar:Church of the Three Patrons | Churches & Mass Times:Very Rev Andrew O'Sullivan::01 4972215:office@rathgarparish.ie:Rathgar Road, Dublin 6 | Dublin 6:"https://www.dublindiocese.ie/parish/rathgar/"
Rathmines:Mary Immaculate, Refuge of Sinners, Rathmines | Churches & Mass Times:Very Rev Andrew O'Sullivan:secretary@rathminesparish.com:01 4971531:secretary@rathminesparish.com:Dublin 6:"https://www.dublindiocese.ie/parish/rathmines/"
Rialto:Our Lady of the Holy Rosary of Fatima, Rialto | Churches & Mass Times:Very Rev Fergal MacDonagh::01 4530004:rialtoparish@gmail.com:Dublin 8:"https://www.dublindiocese.ie/parish/rialto/"
Ringsend:St. Patrick`s Ringsend | Churches & Mass Times:Very Rev Ivan Tonge | Very Rev Mgr Dan O'Connor::01 6685955 | 01 6697429:stpatrickschurchringsend@gmail.com:St Patrick's Church, Thorncastle Street, Ringsend, Dublin 4 | Dublin 4:"https://www.dublindiocese.ie/parish/ringsend/"
River Valley:St. Finian, River Valley | Churches & Mass Times:Very Rev John Daly::01 8409043:stfiniansparish@gmail.com:St. Finian’s Church, River Valley, Swords, Co. Dublin. | Co. Dublin:"https://www.dublindiocese.ie/parish/river-valley/"
Rivermount:"Chapel of Ease: St Finian’s Oratory, Rivermount | St Oliver Plunkett, Rivermount | Churches & Mass Times":Very Rev Canon Martin Hogan | Very Rev Richard Hyland | Very Rev Éamann Cahill::01 8343444:rivermountparish@gmail.com:St Helena's Drive, Rivermount, Dublin 11, D11Y4XF | Dublin 11:"https://www.dublindiocese.ie/parish/rivermount/"
Rolestown:"Chapel of Ease: Our Lady Queen of Peace, Rolestown | St. Brigid`s, Rolestown | Churches & Mass Times":Very Rev Canon Derek Farrell | Very Rev John Keegan::01 8401514:parishrolestown@gmail.com:St Brigid's Parish, Rolestown, Co. Dublin | Co. Dublin:"https://www.dublindiocese.ie/parish/rolestown/"
Roundwood:"Chapel of Ease: Sacred Heart, Moneystown | St Laurence O’Toole, Roundwood | Churches & Mass Times":Very Rev Derek Doyle::01 2818384:roundwoodparish@gmail.com:Co. Wicklow:"https://www.dublindiocese.ie/parish/roundwood/"
Rowlagh:Immaculate Heart of Mary, Rowlagh | Churches & Mass Times:Very Rev Hugh Kavanagh::01 6261010:rowlaghquarryvaleparish@gmail.com:Dublin 22:"https://www.dublindiocese.ie/parish/rowlagh/"
Rush:Churches & Mass Times | St Maur’s, Rush:Very Rev Paul Dunne::01 8949464:rushparishoffice@gmail.com:St Maur's Church, Rush, Co. Dublin | Rush, Co. Dublin:"https://www.dublindiocese.ie/parish/rush/"
Saggart:Nativity of the Blessed Virgin Mary, Saggart | Church of the Holy Family, Rathcoole | Churches & Mass Times:Very Rev Joseph Ryan::086 0108420:saggartparish@gmail.com:Nativity of the Blessed Virgin Mary, Saggart, Co. Dublin | Saggart, Co. Dublin | Rathcoole, Co. Dublin:"https://www.dublindiocese.ie/parish/saggart/"
Sallynoggin:Our Lady of Victories, Sallynoggin | Churches & Mass Times:Very Rev Robert Colclough::01 2854667:sallynogginparish@gmail.com:Our Lady of Victories Church, Pearse Street, Sallynoggin, Co. Dublin | Co. Dublin:"https://www.dublindiocese.ie/parish/sallynoggin/"
Sandyford:"Chapel of Ease: Our Lady of the Wayside, Kilternan | Chapel of Ease: St. Patrick’s – Glencullen | Churches & Mass Times | St. Mary’s, Sandyford":Very Rev Canon John Delany | Very Rev George Begley | Very Rev William King::01 2956414:office@sandyfordparish.org:Sandyford Village, Dublin 18 | Kilternan, Dublin 18 | Co. Dublin:"https://www.dublindiocese.ie/parish/sandyford/"
Sandymount:Our Lady, Star of the Sea, Sandymount | Churches & Mass Times:Very Rev Enda Cunningham | Very Rev John McDonagh::01 6683316:sandymountparish@eircom.net:Dublin 4:"https://www.dublindiocese.ie/parish/sandymount/"
Sean McDermott Street:Our Lady of Lourdes, Sean McDermott Street | Churches & Mass Times:Very Rev Michael Casey SDB::01 8551259:seanmcdermott@dublindiocese.ie:Sean McDermott Street, Dublin 1:"https://www.dublindiocese.ie/parish/sean-mcdermott-street/"
Shankill:Churches & Mass Times | St Anne’s, Shankill:Very Rev Emmet O'Hara SAC::01 2822277:st.annes_parishoffice@yahoo.ie:St Anne's, Shankill, Co. Dublin | Co. Dublin:"https://www.dublindiocese.ie/parish/shankill/"
Skerries:St Patrick’s, Skerries | Churches & Mass Times:Very Rev Melvyn Mullins::01 8106771:info@stpatricksskerries.ie:Skerries, Co. Dublin:"https://www.dublindiocese.ie/parish/skerries/"
Springfield:"Chapel of Ease: Church of the Incarnation, Fettercairn | St. Mark`s, Springfield | Churches & Mass Times":Very Rev John Skinnader CSSp::01 4620777:saintmarksparishchurch@gmail.com:Dublin 24:"https://www.dublindiocese.ie/parish/springfield/"
Sruleen:Sacred Heart Church, Sruleen | Churches & Mass Times:Very Rev Michael Ruddy SSCC::01 4570032::Dublin 22:"https://www.dublindiocese.ie/parish/sruleen/"
St Mary’s Cathedral:St Francis Xavier, Gardiner Street | Churches & Mass Times | St Mary’s Cathedral:Very Rev Kieran McDermott | Very Rev Mgr Lorcan O’Brien::01 8745441:cathedral@dublindiocese.ie:Marlborough Street, Dublin 1, D01 TX49 | St Francis Xavier, Gardiner Street, Dublin 1, D01 RK07:"https://www.dublindiocese.ie/parish/cathedral/"
Sutton:Churches & Mass Times | St Fintan’s, Sutton:Very Rev Gerard Tanham | Very Rev Paul Hampson::01 8392001:office@stfintansparish.ie:Greenfield Road, Sutton, Co. Dublin | Dublin 13:"https://www.dublindiocese.ie/parish/sutton/"
Swords:"Chapel of Ease: Church of the Visitation, Drynam | St Colmcille’s, Swords | Churches & Mass Times":Very Rev John Daly::01 8407277:parishoffice@stcolmcilleschurch.ie:Parochial House, Seatown Road, Swords, Co Dublin, K67 PX62 | Chapel Lane, Swords, Co. Dublin, K67 YX46:"https://www.dublindiocese.ie/parish/swords/"
Tallaght St Aengus:St. Aengus`s, Tallaght | Churches & Mass Times:Very Rev Ben Moran OP::01 4513757:staengusparishtallaght@gmail.com:Balrothery, Tallaght, Dublin 24 | Dublin 24:"https://www.dublindiocese.ie/parish/tallaght-st-aengus/"
Tallaght St Dominic:St. Dominic’s, Tallaght | Churches & Mass Times:Very Rev Donal Sweeney OP::01 4510620:stdominicstallaght1@eircom.net:St Dominic's Road, Tallaght, Dublin 24 | Dublin 24:"https://www.dublindiocese.ie/parish/tallaght-st-dominics-dodder/"
Tallaght St Martin:St Martin de Porres, Tallaght | Churches & Mass Times:Very Rev Canon Michael Hurley | Very Rev James Daly::01 4510160:stmartinsparish2020@gmail.com:Firhouse Road West, Tallaght, Dublin 24, D24 K198 | Old Bawn, Tallaght, Dublin 24:"https://www.dublindiocese.ie/parish/tallaght-st-martin-de-porres-old-bawn/"
Tallaght St Mary:Churches & Mass Times | St. Mary’s, Tallaght:Very Rev Stephen Cummins OP::01 4048100:parish@stmarys-tallaght.ie:Dublin 24:"https://www.dublindiocese.ie/parish/tallaght-st-marys/"
Templeogue:St. Pius X, Templeogue | Churches & Mass Times:Very Rev Pat McKinley::01 4905284:info@stpiusx.ie:St Pius X, College Drive, Terenure, Dublin 6W, D6W A611 | Dublin 6W:"https://www.dublindiocese.ie/parish/templeogue/"
Terenure:Churches & Mass Times | St Joseph’s, Terenure:Very Rev Dave Brannigan::01 4921755:stjosephterenure@gmail.com:St Joseph, Terenure, Dublin 6 | Dublin 6:"https://www.dublindiocese.ie/parish/terenure/"
Travelling People:::::::"https://www.dublindiocese.ie/parish/travelling-people/"
University Church:University Church, St Stephen’s Green | Churches & Mass Times:Very Rev Alan Hilliard::01 4759674:ndnewman@nd.edu:87 St Stephen's Green, Dublin 2, D02 YF60:"https://www.dublindiocese.ie/parish/university-church/"
Valleymount:"Chapel of Ease: Our Lady of Mount Carmel, Lacken | St Joseph’s, Valleymount | Churches & Mass Times":Very Rev Gerry Kane::045 8653::Co. Wicklow:"https://www.dublindiocese.ie/parish/valleymount/"
Walkinstown:Church of the Assumption of the Blessed Virgin Mary, Walkinstown | Churches & Mass Times:Very Rev Paul Glennon::01 4502649:walkinstownchurch@gmail.com:Kilnamanagh Road, Walkinstown, Dublin 12, D12 DY29 | Dublin 12:"https://www.dublindiocese.ie/parish/walkinstown/"
Westland Row:St Andrew’s – Westland Row | Churches & Mass Times:Very Rev Alan Hilliard | Very Rev Patrick Madden::01 6761270:westlandrow@dublindiocese.ie:St Andrew's Church, Westland Row, Dublin 2 | Dublin 2:"https://www.dublindiocese.ie/parish/westland-row/"
Whitefriar Street:Our Lady of Mount Carmel Whitefriar Street | Churches & Mass Times:Very Rev Éanna Ó hÓbáin OCarm::01 4720933:parish@whitefriarstreetchurch.ie:Our Lady of Mount Carmel Whitefriar Street, 56 Aungier Street, Dublin 2 | 56 Aungier Street, Dublin 2:"https://www.dublindiocese.ie/parish/whitefriar-street/"
Wicklow:"Chapel of Ease: St Joseph’s, Rathnew | St Patrick’s, Wicklow | Churches & Mass Times":Very Rev Aquinas Duffy | Very Rev Gerard Deegan::404 6169:parishofficewicklow@gmail.com:Parish Office, De La Salle Pastoral Centre, St Patrick's Road, Wicklow Town, Co. Wicklow | Co. Wicklow | Rathnew, Co. Wicklow:"https://www.dublindiocese.ie/parish/wicklow/"
Willington:St. Jude the Apostle, Willington | Churches & Mass Times:Very Rev Pat McKinley::01 4600127:judesparishoffice1@gmail.com:St Jude the Apostle, Orwell Park, Dublin 6W. | Dublin 6W:"https://www.dublindiocese.ie/parish/willington/"
Yellow Walls:Church of the Sacred Heart, Yellow Walls | Churches & Mass Times:Very Rev Martin Noone::01 8454783:yellowwallsparish@gmail.com:Estuary Road, Malahide, Co. Dublin:"https://www.dublindiocese.ie/parish/yellow-walls/"
